Фамилия;Имя;Отчество;Login;Password;Role
Ефремов;Сергей;Пантелеймонович;loginDEppn2018;6}i+FD;3
Родионова;Тамара;Валентиновна;loginDElqb2018;RNynil;3
Миронова;Галина;Улебовна;loginDEydn2018;34I}X9;2
Сидоров;Роман;Иринеевич;loginDEijg2018;4QlKJW;2
Ситников;Парфений;Всеволодович;loginDEdpy2018;MJ0W|f;2
Никонов;Роман;Геласьевич;loginDEwdm2018;&PynqU;2
Щербаков;Владимир;Матвеевич;loginDEdup2018;JM+2{s;3
Кулаков;Мартын;Михаилович;loginDEhbm2018;9aObu4;2
Сазонова;Оксана;Лаврентьевна;loginDExvq2018;hX0wJz;1
Архипов;Варлам;Мэлорович;loginDErks2018;LQNSjo;2
Устинова;Ираида;Мэлоровна;loginDErvb2018;ceAf&R;1
Лукин;Георгий;Альбертович;loginDEulo2018;zO5l}l;1
Кононов;Эдуард;Валентинович;loginDEgfw2018;3c2Ic1;3
Орехова;Клавдия;Альбертовна;loginDEmxb2018;ZPXcRS;2
Яковлев;Яков;Эдуардович;loginDEgeq2018;&&Eim0;2
Воронов;Мэлс;Семёнович;loginDEkhj2018;Pbc0t{;3
Вишнякова;Ия;Данииловна;loginDEliu2018;32FyTl;3
Третьяков;Фёдор;Вадимович;loginDEsmf2018;{{O2QG;3
Макаров;Максим;Ильяович;loginDEutd2018;GbcJvC;2
Шубина;Маргарита;Анатольевна;loginDEpgh2018;YV2lvh;2
Блинова;Ангелина;Владленовна;loginDEvop2018;pBP8rO;2
Воробьёв;Владлен;Фролович;loginDEwjo2018;EQaD|d;3
Сорокина;Прасковья;Фёдоровна;loginDEbur2018;aZKGeI;2
Давыдов;Яков;Антонович;loginDEszw2018;EGU{YE;3
Рыбакова;Евдокия;Анатольевна;loginDExsu2018;*2RMsp;3
Маслов;Геннадий;Фролович;loginDEztn2018;nJBZpU;3
Цветкова;Элеонора;Аристарховна;loginDEtmn2018;UObB}N;3
Евдокимов;Ростислав;Александрович;loginDEhep2018;SwRicr;3
Никонова;Венера;Станиславовна;loginDEevr2018;zO5l}l;3
Громов;Егор;Антонович;loginDEnpa2018;M*QLjf;3
Суворова;Валерия;Борисовна;loginDEgyt2018;Pav+GP;1
Мишина;Елизавета;Романовна;loginDEbrr2018;Z7L|+i;3
Зимина;Ольга;Аркадьевна;loginDEyoo2018;UG1BjP;1
Игнатьев;Игнатий;Антонинович;loginDEaob2018;3fy+3I;1
Пахомова;Зинаида;Витальевна;loginDEwtz2018;&GxSST;3
Устинов;Владимир;Федосеевич;loginDEctf2018;sjt*3N;1
Кулаков;Мэлор;Вячеславович;loginDEipm2018;MAZl6|;2
Сазонов;Авксентий;Брониславович;loginDEjoi2018;o}C4jv;3
Бурова;Наина;Брониславовна;loginDEwap2018;4hny7k;2
Фадеев;Демьян;Федосеевич;loginDEaxm2018;BEc3xq;3
Бобылёва;Дарья;Якуновна;loginDEsmq2018;ATVmM7;3
Виноградов;Созон;Арсеньевич;loginDEeur2018;n4V{wP;3
Гордеев;Владлен;Ефимович;loginDEvke2018;WQLXSl;3
Иванова;Зинаида;Валерьевна;loginDEvod2018;0EW93v;2
Гусев;Руслан;Дамирович;loginDEjaw2018;h6z&Ky;3
Маслов;Дмитрий;Иванович;loginDEpdp2018;8NvRfC;2
Антонова;Ульяна;Семёновна;loginDEjpp2018;oMOQq3;3
Орехова;Людмила;Владимировна;loginDEkiy2018;BQzsts;2
Авдеева;Жанна;Куприяновна;loginDEhmn2018;a|Iz|7;2
Кузнецов;Фрол;Варламович;loginDEfmn2018;cw3|03;3
