Фамилия;Имя;Отчество;Login;Password;Role;;;
Якушев ;Евсей;Лукьевич;loginDEdcx2018;TYlFkM;3;;;
Фёдоров ;Святослав;Григорьевич;loginDEnsa2018;LdqH+T;3;;;
Борисов ;Герман;Дамирович;loginDErxm2018;8EavEy;3;;;
Ситников ;Серапион;Фролович;loginDEaic2018;X2adoa;2;;;
Третьяков ;Валерьян;Иринеевич;loginDEwul2018;uK&3Zr;2;;;
Комиссарова ;Мария;Владимировна;loginDEjgl2018;++04Tb;3;;;
Меркушева ;Раиса;Владленовна;loginDEgtk2018;pNWXhi;3;;;
Калашникова ;Венера;Якуновна;loginDEvrd2018;S7N9hz;3;;;
Комиссаров ;Семён;Павлович;loginDExky2018;Kt9EAS;1;;;
Денисов ;Митрофан;Егорович;loginDExnj2018;IJDdP0;2;;;
Матвиенко ;Дамир;Богданович;loginDEnbu2018;86uDLd;3;;;
Кириллов ;Константин;Алексеевич;loginDEiik2018;gKt2zV;3;;;
Медведьев ;Фёдор;Мэлсович;loginDEwyi2018;9eskgK;3;;;
Карпов ;Евгений;Лукьевич;loginDEpfr2018;mW1Q36;3;;;
Маркова ;Евдокия;Артёмовна;loginDEjct2018;3WpoK9;3;;;
Красильников ;Тихон;Богданович;loginDEsmg2018;ApH1By;3;;;
Титов ;Семён;Иринеевич;loginDEexu2018;Nt44pG;2;;;
Кудряшов ;Борис;Иринеевич;loginDEztr2018;MYCgB7;2;;;
Гаврилова ;Нинель;Денисовна;loginDEwrc2018;SktJa|;2;;;
Быков ;Дмитрий;Валерьянович;loginDEzjs2018;|x{s+X;2;;;
Фомичёв ;Денис;Федосеевич;loginDEeka2018;mLZvLv;2;;;
Белова ;Марфа;Матвеевна;loginDEepr2018;BG6tpN;1;;;
Романова ;Марина;Лаврентьевна;loginDEsnq2018;hrD}}g;1;;;
Беспалов ;Демьян;Витальевич;loginDEvqn2018;LPa|e3;3;;;
Архипова ;Венера;Демьяновна;loginDEery2018;*I0Rdi;3;;;
Носков ;Парфений;Георгьевич;loginDElqv2018;Hqfw17;3;;;
Зыков ;Иван;Варламович;loginDEtuz2018;Yln7JW;2;;;
Иван ;Протасьевна;;loginDEllr2018;hXtdCD;2;;;
Рожков ;Протасий;Альвианович;loginDEisy2018;5k5dHN;2;;;
Большакова ;Нинель;Протасьевна;loginDEqiv2018;h+N2uW;1;;;
Наумова ;Лидия;Донатовна;loginDEmfu2018;{ZpDBn;3;;;
Панова ;Ольга;Олеговна;loginDEgbd2018;+86Nf*;2;;;
Комаров ;Аркадий;Иванович;loginDEkdg2018;R0tt07;1;;;
Федосеева ;Тамара;Михаиловна;loginDEjrs2018;MVg{yd;1;;;
Пестов ;Роман;Михаилович;loginDEmvd2018;wyLDa{;3;;;
Блинов ;Артём;Ильяович;loginDEctc2018;B&dlx+;2;;;
Владимирова ;Полина;Иринеевна;loginDEavf2018;oDTttg;3;;;
Силин ;Игнатий;Яковович;loginDEako2018;tD8J5+;1;;;
Кононов ;Геннадий;Созонович;loginDEzrg2018;WXIgGi;2;;;
Дьячков ;Фрол;Арсеньевич;loginDEdwq2018;WkTaBP;2;;;
Горбачёв ;Арсений;Григорьевич;loginDEszg2018;NWkAVP;3;;;
Виноградов ;Яков;Онисимович;loginDEmeh2018;HQ+m4W;3;;;
Лаврентьева ;Валентина;Васильевна;loginDEpwm2018;be7AT0;3;;;
Брагин ;Лукьян;Мартынович;loginDEnaq2018;I8c5EB;3;;;
Трофимов ;Кондрат;Игоревич;loginDEtuk2018;6aDAzV;2;;;
Степанова ;Глафира;Авксентьевна;loginDEhsb2018;n|I6A0;3;;;
Федосеев ;Пётр;Григорьевич;loginDEaoi2018;Dl58m|;2;;;
Поляков ;Николай;Антонович;loginDErmk2018;D3GuIv;2;;;
Медведев ;Владимир;Онисимович;loginDEfnd2018;74D9|d;2;;;
Иван ;Мэлоровна;;loginDEtza2018;A7Qldh;2;;;
